{"cameraMode":{"drawMode":0,"name":"Shaded","section":"Shading Mode"},"sceneLighting":true,"audioPlay":false,"sceneViewState":{"showFog":true,"showMaterialUpdate":false,"showSkybox":true,"showFlares":true,"showImageEffects":true,"showParticleSystems":true},"in2DMode":false,"pivot":{"x":-0.014289622195065022,"y":1.4837919473648072,"z":0.16444754600524903},"rotation":{"x":0.2843038737773895,"y":-0.0617842897772789,"z":0.018363185226917268,"w":0.9565661549568176},"size":9.325322151184082,"orthographic":false}